Id;Text;SpriteName;MoneyImpact;psycheImpact;popularityImpact;isEncounter
113;Phone: Ring Ring Ring Ring...;phone;0;0;0;false
114;"Gregory: ""Chief?"" ";main_character_3;0;0;0;false
115;Chief: WHY AREN'T YOU AT SOUNDCHECK YET?! Concert in 2 hours!”;shef;0;0;0;false
116;"Gregory: ""WHAAAT?! But no one told me that…” ";main_character_3;0;0;0;false
117;Chief: “Chill I'm just kidding, who the hell need a soundcheck? Do we look like pop-rock jerks?” ;shef;0;0;0;false
118;Gregory: “…”;main_character_3;0;0;0;false
119;Chief: Anyway, bring your ass here and don’t be late;shef;0;0;0;false
120;"Gregory: ""But...""";main_character_3;0;0;0;false
121;Phone: “Boop, boop, boop…” ;phone;0;0;0;false
122;Gregory: “…”;main_character_3;0;0;0;false
123;Gregory: “Fuck…”;main_character_3;0;0;0;false
124;1 hour later;;0;0;0;false
125;Gregory: Wow! It is really huge croud(20 drunk bodies)@Gotta figure out how to warm them up;concert;0;0;0;true
126;You're trying to sing some notes with the hall. However, a crowd of drunken dead metallists is not the best choice to sing with.  ;concert;0;0;0;false
127;You are furiously growl-yodeling at the crowd. That’s super effective!;concert;0;0;0;false
128;You already get a taste, you start to fuck on the guitar like a mad devil;main_character_1;0;0;0;false
129;"Banger time! Your main hit is ""Absolute Death"". Fans are waiting for the tooth guitar, don't screw it up!";guitar_normal;0;0;0;false
130;TEETH GUITAR GAME;;0;0;0;false
131;You broke almost all the strings, you Idiot!;guitathero_loss;0;0;0;false
132;Yes, you did it@But what did it cost?;guitathero_win;0;0;0;false
133;A hater got on the stage, it seems he wants to make a couple of critical arguments ;hater;0;0;0;false
134;HATER GAME;;0;0;0;false
135;He beat you to a pulp and took the microphone.@Looks like he's a new soloist now.@The world of metal is truly cruel ;fight_loss;0;0;0;false
136;Damn, looks like it was a drunk fan.@K, throw it somewhere under the stage, we need to finish the concert ;fight_win;0;0;0;false
137;Everything is going absolutely great!@The crowd raising their hands and chanting;concert;0;0;0;false
138;"Crowd: ""DDD ... DDD ... DDD""";concert;0;0;0;false
139;Wait... What are you doing?!!!;main_character_1;0;0;0;false
140;JUMP GAME;;0;0;0;false
141;You fell down, you were trampled on, no one even noticed your absence.;;0;0;0;false
142;You were caught, but some crackpot tore out a tuft of your hair.@Hey, be happy you're still alive!;;0;0;0;false
143;Some time after the perfomance;;0;0;0;false
144;This. Just. Fucking cool;shef;0;0;0;false
145;Listen don't you wanna join us for all the time?;shef;0;0;0;false
146;And what about the previous soloist?;main_character_1;0;0;0;false
147;"Oh don't worry, after 2 weeks in the hospital he said ""this job is too stressful for him""";shef;0;0;0;false
148;Meh... I always knew he just a little pussy;shef;0;0;0;false
149;Anyway what's your decision?;shef;0;0;0;true
150;I'm sorry.. You know, this is not actually  kind of job I looked for...;main_character_3;0;0;0;false
151;"Become a rock star or stay a janitor, he-he, who else has that choice""@Okay fuck it, I'm in, bitches!";main_character_1;0;0;0;false