Id;Text;SpriteName;MoneyImpact;psycheImpact;popularityImpact;isEncounter
113;Телефон: Пам Парам Пам Парам...;phone;0;0;0;false
114;"Грегори: ""Шеф?"" """;main_character_3;0;0;0;false
115;"Шеф: ""ПОЧЕМУ БЛЯТЬ ТЕБЯ ЕЩЁ НЕТ НА САУНДЧЕКЕ?! Концерт через 2 часа!""";shef;0;0;0;false
116;"Грегори: ""Что?! Но мне даже никто не…""";main_character_3;0;0;0;false
117;"Шеф: ""Да выдохни ты, какой нахер саундчек? Мы же не поп-рок дрочилы"" ";shef;0;0;0;false
118;"Грегори: ""…""";main_character_3;0;0;0;false
119;"Шеф: ""Короче, дуй сюда быстрее и без опозданий""";shef;0;0;0;false
120;"Грегори: ""Но…""";main_character_3;0;0;0;false
121;Телефон: “Буп, буп, буп…” ;phone;0;0;0;false
122;"Грегори: ""…""";main_character_3;0;0;0;false
123;"Грегори: ""Бля…""";main_character_3;0;0;0;false
124;1 час спустя;;0;0;0;false
125;Грегори: Вау! Какая огромная толпа(20 бухих тел)@Надо понять, как разогреть их всех;concert;0;0;0;true
126;Ты пытаешься распеть зал. Однако толпа пьянющих дэд металистов вряд ли различит сейчас собственное имя, не то что ноту.  ;concert;0;0;0;false
127;Ты яростно гроул-йоделишь перед толпой. Очень эффектно!;concert;0;0;0;false
128;Ты наконец входишь во вкус, и начинаешь ебашить на гитаре как бешенный демон;main_character_1;0;0;0;false
129;"Время для бэнгера! Твой главный хит ""Абсолютная Смерть"". Фаны ждут зубную гитару, давай, не подведи!";guitar_normal;0;0;0;false
130;TEETH GUITAR GAME;;0;0;0;false
131;Ты сломал почти все струны, Идиот!;guitathero_loss;0;0;0;false
132;Ты сделал это@Но какой ценой...;guitathero_win;0;0;0;false
133;Хейтер залез на сцену, кажется у него есть парочка критических аргументов;hater;0;0;0;false
134;HATER GAME;;0;0;0;false
135;Он избил тебя до полусмерти и забрал микрофон.@Похоже, теперь он новый солист.@Мир металла воистину жесток.;fight_loss;0;0;0;false
136;Чёрт, похоже это оказался перепивший фанат.@Ладно, пни его куда-нибудь под сцену, нужно заканчивать концерт.;fight_win;0;0;0;false
137;Всё идет просто отлично!@Толпа с поднятыми руками скандирует;concert;0;0;0;false
138;"Толпа: DDD ... DDD ... DDD""";concert;0;0;0;false
139;Постой, ты чё удумал?!!!;main_character_1;0;0;0;false
140;JUMP GAME;;0;0;0;false
141;Ты упал, тебя растоптали, никто даже не заметил твоего отсутствия.;;0;0;0;false
142;На обратном пути какой-то поехавший вырвал тебе клок волос.@Хэй, радуйся, что тебя хоть живым вернули!;;0;0;0;false
143;Какое то время спустя после концерта;;0;0;0;false
144;"Шеф: ""Это. Просто. Ахуенно""";shef;0;0;0;false
145;"Шеф: ""Слушай, Грегори, ты не хочешь присоедениться к нам на постоянной основе?""";shef;0;0;0;false
146;"Грегори: ""А как же ваш предыдущий солист?""";main_character_1;0;0;0;false
147;"Шеф: ""Ха, не волнуйся, после недели в госпитале он сказал,@ что эта работа слишком стрессовая для него""";shef;0;0;0;false
148;"Шеф: ""Мда... Я всегда знала, что он неженка""";shef;0;0;0;false
149;"Шеф: ""В любом случае, каково твое решение""?";shef;0;0;0;true
150;"Грегори: ""Извините меня.. но знаете, вообще-то, это не та работа которую я искал...""";main_character_3;0;0;0;false
151;"Грегори: ""Стать рок звездой или остаться уборщиком, хе-хе, у кого еще есть такой выбор@Ладно, похуй, я в деле суки!""";main_character_1;0;0;0;false