Id;Text;SpriteName;MoneyImpact;psycheImpact;popularityImpact;isEncounter
901;Похоже Грегори не может вынести это все.@Ну ладно… несите нового!;stress_high;;;;false
902;Грегори понял, что все это время был не уверен в себе. Теперь он понимает, что счастлив таким, какой он есть.@ Плохой конец? Кто знает...;stress_low;;;;false
903;Слишком популярная метал-группа рано или поздно превратится в поп-музыку.@Наши фанаты покидают нас, мой лорд...;popularity_high;;;;false
904;Еще одна группа канула в лету.@Напомните мне, как их звали?;popularity_low;;;;false
905;Ваши доходы сделали вас второй экономической силой мира. К сожалению, правительству пришлось от вас избавиться ;money_high;;;;false
906;Голод вынудил Грегори покинуть группу и пойти работать на панель;money_low;;;;false